{"mean": [436.0588073730469, 647.9927978515625, 514.0519409179688, 1044.76416015625, 0.05757239833474159, -0.12182271480560303, -0.09832106530666351, -0.027368517592549324, -0.11821326613426208, -0.054348453879356384, 0.09775322675704956, 0.01575053110718727, -0.10544802248477936, 0.11510992050170898, 0.15324263274669647, -0.05141361802816391, -0.1362280249595642, -0.08511917293071747, -0.01765877939760685, 0.10180193930864334, 0.025463687255978584, -0.052317097783088684, -0.04479760304093361, -0.01212291605770588, -0.0005696000880561769, 0.15119603276252747, -0.012833168730139732, 0.10364416241645813, -0.07588174939155579, -0.07117163389921188, 0.044289425015449524, -0.08114677667617798, 0.05774353817105293, 0.09012410044670105, -0.02699051797389984, 0.1734696626663208, 0.004188631661236286, 0.01163763552904129, -0.11809305846691132, 0.03705539554357529, 0.15793433785438538, 0.04951200261712074, 0.0006848600460216403, 0.06961750239133835, 0.019788894802331924, -0.18262982368469238, 0.1434076577425003, 0.13602888584136963, -0.03875987231731415, 0.09479755163192749, -0.13213644921779633, 0.0345253087580204, 0.06156183034181595, 0.030022133141756058, -0.0070877596735954285, 0.011289740912616253, -0.14639954268932343, 0.03500393033027649, 0.058990705758333206, -0.10359799116849899, -0.011605247855186462, 0.05583639442920685, 0.04314694181084633, -0.13456614315509796, 0.0834050327539444, -0.11409011483192444, -0.040103938430547714, 0.16410262882709503], "std": [519.7567138671875, 472.1247253417969, 435.993896484375, 1276.6298828125, 0.04280036315321922, 0.09263003617525101, 0.09353494644165039, 0.10099724680185318, 0.09447257220745087, 0.058068811893463135, 0.0690506100654602, 0.10264308750629425, 0.06088937073945999, 0.07917304337024689, 0.07042582333087921, 0.057931672781705856, 0.04026690497994423, 0.05178085342049599, 0.06624478846788406, 0.09119242429733276, 0.10388123989105225, 0.10236340016126633, 0.0601436123251915, 0.06654830276966095, 0.11165452748537064, 0.0574820451438427, 0.06128164380788803, 0.10137734562158585, 0.06836908310651779, 0.17421561479568481, 0.06263264268636703, 0.10152821987867355, 0.06538254022598267, 0.09711524099111557, 0.1560279130935669, 0.20169001817703247, 0.09363145381212234, 0.05150154232978821, 0.06879989802837372, 0.06119416654109955, 0.10909073054790497, 0.049905914813280106, 0.06113032251596451, 0.06678220629692078, 0.06270918995141983, 0.12078230082988739, 0.07716240733861923, 0.03964855521917343, 0.07694516330957413, 0.06871649622917175, 0.07507334649562836, 0.09147904813289642, 0.1254839152097702, 0.061241090297698975, 0.07379370927810669, 0.11983701586723328, 0.09850537031888962, 0.0821702629327774, 0.05644465982913971, 0.08034327626228333, 0.08726682513952255, 0.04945296794176102, 0.08104636520147324, 0.07298364490270615, 0.043119899928569794, 0.08416453003883362, 0.06313010305166245, 0.14489787817001343]}